20305067,lane1-s005-index-CTAGGTGA-TTGCTTGGNNNN-Fr13_S5_L001_R1_001.fastq.gz
22521458,lane1-s005-index-CTAGGTGA-TTGCTTGGNNNN-Fr13_S5_L001_R2_001.fastq.gz
16370601,lane1-s006-index-CTAGGTGA-CCTGTCAANNNN-Fr14_S6_L001_R1_001.fastq.gz
17350096,lane1-s006-index-CTAGGTGA-CCTGTCAANNNN-Fr14_S6_L001_R2_001.fastq.gz
15491232,lane1-s007-index-CTAGGTGA-AGCCTATCNNNN-Fr15_S7_L001_R1_001.fastq.gz
16974585,lane1-s007-index-CTAGGTGA-AGCCTATCNNNN-Fr15_S7_L001_R2_001.fastq.gz
16705266,lane1-s008-index-CTAGGTGA-TGATCACGNNNN-Fr16_S8_L001_R1_001.fastq.gz
17447304,lane1-s008-index-CTAGGTGA-TGATCACGNNNN-Fr16_S8_L001_R2_001.fastq.gz
 4343176,lane1-s009-index-CTAGGTGA-CCACATTGNNNN-Fr17_S9_L001_R1_001.fastq.gz
 4784496,lane1-s009-index-CTAGGTGA-CCACATTGNNNN-Fr17_S9_L001_R2_001.fastq.gz
 2315019,lane1-s010-index-CTAGGTGA-TCGAGAGTNNNN-Fr18_S10_L001_R1_001.fastq.gz
 2629540,lane1-s010-index-CTAGGTGA-TCGAGAGTNNNN-Fr18_S10_L001_R2_001.fastq.gz
 1988791,lane1-s011-index-CTAGGTGA-GGTCGTATNNNN-Fr19_S11_L001_R1_001.fastq.gz
 2265581,lane1-s011-index-CTAGGTGA-GGTCGTATNNNN-Fr19_S11_L001_R2_001.fastq.gz
 5528731,lane1-s012-index-CTAGGTGA-ACAGGCATNNNN-Fr20_S12_L001_R1_001.fastq.gz
 6171781,lane1-s012-index-CTAGGTGA-ACAGGCATNNNN-Fr20_S12_L001_R2_001.fastq.gz
 6610501,lane1-s013-index-CTAGGTGA-GTGATCCANNNN-Fr21_S13_L001_R1_001.fastq.gz
 7568518,lane1-s013-index-CTAGGTGA-GTGATCCANNNN-Fr21_S13_L001_R2_001.fastq.gz
 2768912,lane1-s014-index-CTAGGTGA-TTCGTACGNNNN-Fr22_S14_L001_R1_001.fastq.gz
 3041216,lane1-s014-index-CTAGGTGA-TTCGTACGNNNN-Fr22_S14_L001_R2_001.fastq.gz
 2847962,lane1-s015-index-CTAGGTGA-ATGACAGGNNNN-Fr23_S15_L001_R1_001.fastq.gz
 3236006,lane1-s015-index-CTAGGTGA-ATGACAGGNNNN-Fr23_S15_L001_R2_001.fastq.gz
 1445061,lane1-s016-index-CTAGGTGA-CGACCTAANNNN-Fr24_S16_L001_R1_001.fastq.gz
 1581170,lane1-s016-index-CTAGGTGA-CGACCTAANNNN-Fr24_S16_L001_R2_001.fastq.gz
18712656,lane1-s017-index-ACGACTTG-TTGCTTGGNNNN-Fr49_S17_L001_R1_001.fastq.gz
21178659,lane1-s017-index-ACGACTTG-TTGCTTGGNNNN-Fr49_S17_L001_R2_001.fastq.gz
12943543,lane1-s018-index-ACGACTTG-CCTGTCAANNNN-Fr50_S18_L001_R1_001.fastq.gz
14512724,lane1-s018-index-ACGACTTG-CCTGTCAANNNN-Fr50_S18_L001_R2_001.fastq.gz
13838265,lane1-s019-index-ACGACTTG-AGCCTATCNNNN-Fr51_S19_L001_R1_001.fastq.gz
15705851,lane1-s019-index-ACGACTTG-AGCCTATCNNNN-Fr51_S19_L001_R2_001.fastq.gz
14222671,lane1-s020-index-ACGACTTG-TGATCACGNNNN-Fr52_S20_L001_R1_001.fastq.gz
15588535,lane1-s020-index-ACGACTTG-TGATCACGNNNN-Fr52_S20_L001_R2_001.fastq.gz
16980197,lane1-s021-index-ACGACTTG-CCACATTGNNNN-Fr53_S21_L001_R1_001.fastq.gz
19041004,lane1-s021-index-ACGACTTG-CCACATTGNNNN-Fr53_S21_L001_R2_001.fastq.gz
 6848178,lane1-s022-index-ACGACTTG-TCGAGAGTNNNN-Fr54_S22_L001_R1_001.fastq.gz
 7827502,lane1-s022-index-ACGACTTG-TCGAGAGTNNNN-Fr54_S22_L001_R2_001.fastq.gz
 5673207,lane1-s023-index-ACGACTTG-GGTCGTATNNNN-Fr55_S23_L001_R1_001.fastq.gz
 6476179,lane1-s023-index-ACGACTTG-GGTCGTATNNNN-Fr55_S23_L001_R2_001.fastq.gz
14302895,lane1-s024-index-ACGACTTG-ACAGGCATNNNN-Fr56_S24_L001_R1_001.fastq.gz
15857923,lane1-s024-index-ACGACTTG-ACAGGCATNNNN-Fr56_S24_L001_R2_001.fastq.gz
17929920,lane1-s025-index-ACGACTTG-GTGATCCANNNN-Fr57_S25_L001_R1_001.fastq.gz
20306849,lane1-s025-index-ACGACTTG-GTGATCCANNNN-Fr57_S25_L001_R2_001.fastq.gz
18752347,lane1-s026-index-ACGACTTG-TTCGTACGNNNN-Fr58_S26_L001_R1_001.fastq.gz
20376928,lane1-s026-index-ACGACTTG-TTCGTACGNNNN-Fr58_S26_L001_R2_001.fastq.gz
17917944,lane1-s027-index-ACGACTTG-ATGACAGGNNNN-Fr59_S27_L001_R1_001.fastq.gz
20223868,lane1-s027-index-ACGACTTG-ATGACAGGNNNN-Fr59_S27_L001_R2_001.fastq.gz
19687363,lane1-s028-index-ACGACTTG-CGACCTAANNNN-Fr60_S28_L001_R1_001.fastq.gz
21538070,lane1-s028-index-ACGACTTG-CGACCTAANNNN-Fr60_S28_L001_R2_001.fastq.gz
11993207,lane1-s029-index-GCATACAG-TTGCTTGGNNNN-Fr85_S29_L001_R1_001.fastq.gz
13663844,lane1-s029-index-GCATACAG-TTGCTTGGNNNN-Fr85_S29_L001_R2_001.fastq.gz
12799415,lane1-s030-index-GCATACAG-CCTGTCAANNNN-Fr86_S30_L001_R1_001.fastq.gz
14851269,lane1-s030-index-GCATACAG-CCTGTCAANNNN-Fr86_S30_L001_R2_001.fastq.gz
11525473,lane1-s031-index-GCATACAG-AGCCTATCNNNN-Fr87_S31_L001_R1_001.fastq.gz
13004970,lane1-s031-index-GCATACAG-AGCCTATCNNNN-Fr87_S31_L001_R2_001.fastq.gz
10086671,lane1-s032-index-GCATACAG-TGATCACGNNNN-Fr88_S32_L001_R1_001.fastq.gz
11505591,lane1-s032-index-GCATACAG-TGATCACGNNNN-Fr88_S32_L001_R2_001.fastq.gz
12167697,lane1-s033-index-GCATACAG-CCACATTGNNNN-Fr89_S33_L001_R1_001.fastq.gz
13827947,lane1-s033-index-GCATACAG-CCACATTGNNNN-Fr89_S33_L001_R2_001.fastq.gz
 8969177,lane1-s034-index-GCATACAG-TCGAGAGTNNNN-Fr90_S34_L001_R1_001.fastq.gz
10375505,lane1-s034-index-GCATACAG-TCGAGAGTNNNN-Fr90_S34_L001_R2_001.fastq.gz
 7348025,lane1-s035-index-GCATACAG-GGTCGTATNNNN-Fr91_S35_L001_R1_001.fastq.gz
 8433119,lane1-s035-index-GCATACAG-GGTCGTATNNNN-Fr91_S35_L001_R2_001.fastq.gz
17297789,lane1-s036-index-GCATACAG-ACAGGCATNNNN-Fr92_S36_L001_R1_001.fastq.gz
20004147,lane1-s036-index-GCATACAG-ACAGGCATNNNN-Fr92_S36_L001_R2_001.fastq.gz
10866975,lane1-s037-index-GCATACAG-GTGATCCANNNN-Fr93_S37_L001_R1_001.fastq.gz
12459220,lane1-s037-index-GCATACAG-GTGATCCANNNN-Fr93_S37_L001_R2_001.fastq.gz
16084600,lane1-s038-index-GCATACAG-TTCGTACGNNNN-Fr94_S38_L001_R1_001.fastq.gz
18114846,lane1-s038-index-GCATACAG-TTCGTACGNNNN-Fr94_S38_L001_R2_001.fastq.gz
10849862,lane1-s039-index-GCATACAG-ATGACAGGNNNN-Fr95_S39_L001_R1_001.fastq.gz
12392933,lane1-s039-index-GCATACAG-ATGACAGGNNNN-Fr95_S39_L001_R2_001.fastq.gz
11031949,lane1-s040-index-GCATACAG-CGACCTAANNNN-Fr96_S40_L001_R1_001.fastq.gz
12556698,lane1-s040-index-GCATACAG-CGACCTAANNNN-Fr96_S40_L001_R2_001.fastq.gz
10672325,lane1-s041-index-TGCGAACT-TTGCTTGGNNNN-Fr109_S41_L001_R1_001.fastq.gz
12017938,lane1-s041-index-TGCGAACT-TTGCTTGGNNNN-Fr109_S41_L001_R2_001.fastq.gz
11838105,lane1-s042-index-TGCGAACT-CCTGTCAANNNN-Fr110_S42_L001_R1_001.fastq.gz
13277119,lane1-s042-index-TGCGAACT-CCTGTCAANNNN-Fr110_S42_L001_R2_001.fastq.gz
 9645948,lane1-s043-index-TGCGAACT-AGCCTATCNNNN-Fr111_S43_L001_R1_001.fastq.gz
10683976,lane1-s043-index-TGCGAACT-AGCCTATCNNNN-Fr111_S43_L001_R2_001.fastq.gz
13879750,lane1-s044-index-TGCGAACT-TGATCACGNNNN-Fr112_S44_L001_R1_001.fastq.gz
15419891,lane1-s044-index-TGCGAACT-TGATCACGNNNN-Fr112_S44_L001_R2_001.fastq.gz
15654588,lane1-s045-index-TGCGAACT-CCACATTGNNNN-Fr113_S45_L001_R1_001.fastq.gz
17448100,lane1-s045-index-TGCGAACT-CCACATTGNNNN-Fr113_S45_L001_R2_001.fastq.gz
 6341242,lane1-s046-index-TGCGAACT-TCGAGAGTNNNN-Fr114_S46_L001_R1_001.fastq.gz
 7230122,lane1-s046-index-TGCGAACT-TCGAGAGTNNNN-Fr114_S46_L001_R2_001.fastq.gz
 5085729,lane1-s047-index-TGCGAACT-GGTCGTATNNNN-Fr115_S47_L001_R1_001.fastq.gz
 5755525,lane1-s047-index-TGCGAACT-GGTCGTATNNNN-Fr115_S47_L001_R2_001.fastq.gz
11811587,lane1-s048-index-TGCGAACT-ACAGGCATNNNN-Fr116_S48_L001_R1_001.fastq.gz
13338497,lane1-s048-index-TGCGAACT-ACAGGCATNNNN-Fr116_S48_L001_R2_001.fastq.gz
 6900217,lane1-s049-index-TGCGAACT-GTGATCCANNNN-Fr117_S49_L001_R1_001.fastq.gz
 7846172,lane1-s049-index-TGCGAACT-GTGATCCANNNN-Fr117_S49_L001_R2_001.fastq.gz
 8454487,lane1-s050-index-TGCGAACT-TTCGTACGNNNN-Fr118_S50_L001_R1_001.fastq.gz
 9326556,lane1-s050-index-TGCGAACT-TTCGTACGNNNN-Fr118_S50_L001_R2_001.fastq.gz
 5781235,lane1-s051-index-TGCGAACT-ATGACAGGNNNN-Fr119_S51_L001_R1_001.fastq.gz
 6983333,lane1-s051-index-TGCGAACT-ATGACAGGNNNN-Fr119_S51_L001_R2_001.fastq.gz
 5511772,lane1-s052-index-TGCGAACT-CGACCTAANNNN-Fr120_S52_L001_R1_001.fastq.gz
 6316439,lane1-s052-index-TGCGAACT-CGACCTAANNNN-Fr120_S52_L001_R2_001.fastq.gz
15752502,lane1-s053-index-TCTCCGAT-TTGCTTGGNNNN-Fr133_S53_L001_R1_001.fastq.gz
17258076,lane1-s053-index-TCTCCGAT-TTGCTTGGNNNN-Fr133_S53_L001_R2_001.fastq.gz
14656498,lane1-s054-index-TCTCCGAT-CCTGTCAANNNN-Fr134_S54_L001_R1_001.fastq.gz
15586004,lane1-s054-index-TCTCCGAT-CCTGTCAANNNN-Fr134_S54_L001_R2_001.fastq.gz
15367682,lane1-s055-index-TCTCCGAT-AGCCTATCNNNN-Fr135_S55_L001_R1_001.fastq.gz
16182432,lane1-s055-index-TCTCCGAT-AGCCTATCNNNN-Fr135_S55_L001_R2_001.fastq.gz
14753147,lane1-s056-index-TCTCCGAT-TGATCACGNNNN-Fr136_S56_L001_R1_001.fastq.gz
15680218,lane1-s056-index-TCTCCGAT-TGATCACGNNNN-Fr136_S56_L001_R2_001.fastq.gz
14895649,lane1-s057-index-TCTCCGAT-CCACATTGNNNN-Fr137_S57_L001_R1_001.fastq.gz
15768664,lane1-s057-index-TCTCCGAT-CCACATTGNNNN-Fr137_S57_L001_R2_001.fastq.gz
10095418,lane1-s058-index-TCTCCGAT-TCGAGAGTNNNN-Fr138_S58_L001_R1_001.fastq.gz
10576797,lane1-s058-index-TCTCCGAT-TCGAGAGTNNNN-Fr138_S58_L001_R2_001.fastq.gz
 8230023,lane1-s059-index-TCTCCGAT-GGTCGTATNNNN-Fr139_S59_L001_R1_001.fastq.gz
 8619719,lane1-s059-index-TCTCCGAT-GGTCGTATNNNN-Fr139_S59_L001_R2_001.fastq.gz
12407721,lane1-s060-index-TCTCCGAT-ACAGGCATNNNN-Fr140_S60_L001_R1_001.fastq.gz
13912513,lane1-s060-index-TCTCCGAT-ACAGGCATNNNN-Fr140_S60_L001_R2_001.fastq.gz
12412971,lane1-s061-index-TCTCCGAT-GTGATCCANNNN-Fr141_S61_L001_R1_001.fastq.gz
13254808,lane1-s061-index-TCTCCGAT-GTGATCCANNNN-Fr141_S61_L001_R2_001.fastq.gz
13667552,lane1-s062-index-TCTCCGAT-TTCGTACGNNNN-Fr142_S62_L001_R1_001.fastq.gz
14483706,lane1-s062-index-TCTCCGAT-TTCGTACGNNNN-Fr142_S62_L001_R2_001.fastq.gz
15555913,lane1-s063-index-TCTCCGAT-ATGACAGGNNNN-Fr143_S63_L001_R1_001.fastq.gz
18198462,lane1-s063-index-TCTCCGAT-ATGACAGGNNNN-Fr143_S63_L001_R2_001.fastq.gz
15812797,lane1-s064-index-TCTCCGAT-CGACCTAANNNN-Fr144_S64_L001_R1_001.fastq.gz
16529260,lane1-s064-index-TCTCCGAT-CGACCTAANNNN-Fr144_S64_L001_R2_001.fastq.gz
12460870,lane1-s065-index-GAGGACTT-TTGCTTGGNNNN-Fr157_S65_L001_R1_001.fastq.gz
13797965,lane1-s065-index-GAGGACTT-TTGCTTGGNNNN-Fr157_S65_L001_R2_001.fastq.gz
12434783,lane1-s066-index-GAGGACTT-CCTGTCAANNNN-Fr158_S66_L001_R1_001.fastq.gz
14180220,lane1-s066-index-GAGGACTT-CCTGTCAANNNN-Fr158_S66_L001_R2_001.fastq.gz
11638818,lane1-s067-index-GAGGACTT-AGCCTATCNNNN-Fr159_S67_L001_R1_001.fastq.gz
12867605,lane1-s067-index-GAGGACTT-AGCCTATCNNNN-Fr159_S67_L001_R2_001.fastq.gz
10971020,lane1-s068-index-GAGGACTT-TGATCACGNNNN-Fr160_S68_L001_R1_001.fastq.gz
12256075,lane1-s068-index-GAGGACTT-TGATCACGNNNN-Fr160_S68_L001_R2_001.fastq.gz
15614972,lane1-s069-index-GAGGACTT-CCACATTGNNNN-Fr161_S69_L001_R1_001.fastq.gz
17353555,lane1-s069-index-GAGGACTT-CCACATTGNNNN-Fr161_S69_L001_R2_001.fastq.gz
 9966140,lane1-s070-index-GAGGACTT-TCGAGAGTNNNN-Fr162_S70_L001_R1_001.fastq.gz
11481008,lane1-s070-index-GAGGACTT-TCGAGAGTNNNN-Fr162_S70_L001_R2_001.fastq.gz
 8091738,lane1-s071-index-GAGGACTT-GGTCGTATNNNN-Fr163_S71_L001_R1_001.fastq.gz
 9270097,lane1-s071-index-GAGGACTT-GGTCGTATNNNN-Fr163_S71_L001_R2_001.fastq.gz
 9679848,lane1-s072-index-GAGGACTT-ACAGGCATNNNN-Fr164_S72_L001_R1_001.fastq.gz
10723742,lane1-s072-index-GAGGACTT-ACAGGCATNNNN-Fr164_S72_L001_R2_001.fastq.gz
 7257299,lane1-s073-index-GAGGACTT-GTGATCCANNNN-Fr165_S73_L001_R1_001.fastq.gz
 8066305,lane1-s073-index-GAGGACTT-GTGATCCANNNN-Fr165_S73_L001_R2_001.fastq.gz
 9986475,lane1-s074-index-GAGGACTT-TTCGTACGNNNN-Fr166_S74_L001_R1_001.fastq.gz
10757805,lane1-s074-index-GAGGACTT-TTCGTACGNNNN-Fr166_S74_L001_R2_001.fastq.gz
 8748304,lane1-s075-index-GAGGACTT-ATGACAGGNNNN-Fr167_S75_L001_R1_001.fastq.gz
 9670478,lane1-s075-index-GAGGACTT-ATGACAGGNNNN-Fr167_S75_L001_R2_001.fastq.gz
 7535276,lane1-s076-index-GAGGACTT-CGACCTAANNNN-Fr168_S76_L001_R1_001.fastq.gz
 8270396,lane1-s076-index-GAGGACTT-CGACCTAANNNN-Fr168_S76_L001_R2_001.fastq.gz
16560881,lane1-s077-index-ACCATCCA-TTGCTTGGNNNN-Fr61_S77_L001_R1_001.fastq.gz
18788183,lane1-s077-index-ACCATCCA-TTGCTTGGNNNN-Fr61_S77_L001_R2_001.fastq.gz
11152560,lane1-s078-index-ACCATCCA-CCTGTCAANNNN-Fr62_S78_L001_R1_001.fastq.gz
12612247,lane1-s078-index-ACCATCCA-CCTGTCAANNNN-Fr62_S78_L001_R2_001.fastq.gz
12360008,lane1-s079-index-ACCATCCA-AGCCTATCNNNN-Fr63_S79_L001_R1_001.fastq.gz
13769667,lane1-s079-index-ACCATCCA-AGCCTATCNNNN-Fr63_S79_L001_R2_001.fastq.gz
13777215,lane1-s080-index-ACCATCCA-TGATCACGNNNN-Fr64_S80_L001_R1_001.fastq.gz
14730320,lane1-s080-index-ACCATCCA-TGATCACGNNNN-Fr64_S80_L001_R2_001.fastq.gz
15241158,lane1-s081-index-ACCATCCA-CCACATTGNNNN-Fr65_S81_L001_R1_001.fastq.gz
16984323,lane1-s081-index-ACCATCCA-CCACATTGNNNN-Fr65_S81_L001_R2_001.fastq.gz
 9925520,lane1-s082-index-ACCATCCA-TCGAGAGTNNNN-Fr66_S82_L001_R1_001.fastq.gz
11365269,lane1-s082-index-ACCATCCA-TCGAGAGTNNNN-Fr66_S82_L001_R2_001.fastq.gz
 8153206,lane1-s083-index-ACCATCCA-GGTCGTATNNNN-Fr67_S83_L001_R1_001.fastq.gz
 9307130,lane1-s083-index-ACCATCCA-GGTCGTATNNNN-Fr67_S83_L001_R2_001.fastq.gz
12406582,lane1-s084-index-ACCATCCA-ACAGGCATNNNN-Fr68_S84_L001_R1_001.fastq.gz
13783443,lane1-s084-index-ACCATCCA-ACAGGCATNNNN-Fr68_S84_L001_R2_001.fastq.gz
15744808,lane1-s085-index-ACCATCCA-GTGATCCANNNN-Fr69_S85_L001_R1_001.fastq.gz
18435130,lane1-s085-index-ACCATCCA-GTGATCCANNNN-Fr69_S85_L001_R2_001.fastq.gz
 9230390,lane1-s086-index-ACCATCCA-TTCGTACGNNNN-Fr70_S86_L001_R1_001.fastq.gz
10411778,lane1-s086-index-ACCATCCA-TTCGTACGNNNN-Fr70_S86_L001_R2_001.fastq.gz
10348786,lane1-s087-index-ACCATCCA-ATGACAGGNNNN-Fr71_S87_L001_R1_001.fastq.gz
11775792,lane1-s087-index-ACCATCCA-ATGACAGGNNNN-Fr71_S87_L001_R2_001.fastq.gz
12452521,lane1-s088-index-ACCATCCA-CGACCTAANNNN-Fr72_S88_L001_R1_001.fastq.gz
13421837,lane1-s088-index-ACCATCCA-CGACCTAANNNN-Fr72_S88_L001_R2_001.fastq.gz
15559081,lane1-s089-index-ACACGGTT-TTGCTTGGNNNN-Dc1_S89_L001_R1_001.fastq.gz
17001197,lane1-s089-index-ACACGGTT-TTGCTTGGNNNN-Dc1_S89_L001_R2_001.fastq.gz
 7988974,lane1-s090-index-ACACGGTT-CCTGTCAANNNN-Dc2_S90_L001_R1_001.fastq.gz
 8991843,lane1-s090-index-ACACGGTT-CCTGTCAANNNN-Dc2_S90_L001_R2_001.fastq.gz
14535964,lane1-s091-index-ACACGGTT-AGCCTATCNNNN-Dc3_S91_L001_R1_001.fastq.gz
15584648,lane1-s091-index-ACACGGTT-AGCCTATCNNNN-Dc3_S91_L001_R2_001.fastq.gz
12107915,lane1-s092-index-ACACGGTT-TGATCACGNNNN-Dc4_S92_L001_R1_001.fastq.gz
13650129,lane1-s092-index-ACACGGTT-TGATCACGNNNN-Dc4_S92_L001_R2_001.fastq.gz
11780498,lane1-s093-index-ACACGGTT-CCACATTGNNNN-Dc5_S93_L001_R1_001.fastq.gz
13023942,lane1-s093-index-ACACGGTT-CCACATTGNNNN-Dc5_S93_L001_R2_001.fastq.gz
 7878667,lane1-s094-index-ACACGGTT-TCGAGAGTNNNN-Dc6_S94_L001_R1_001.fastq.gz
 8508783,lane1-s094-index-ACACGGTT-TCGAGAGTNNNN-Dc6_S94_L001_R2_001.fastq.gz
 6331384,lane1-s095-index-ACACGGTT-GGTCGTATNNNN-Dc7_S95_L001_R1_001.fastq.gz
 6812698,lane1-s095-index-ACACGGTT-GGTCGTATNNNN-Dc7_S95_L001_R2_001.fastq.gz
13969356,lane1-s096-index-ACACGGTT-ACAGGCATNNNN-Dc8_S96_L001_R1_001.fastq.gz
14865783,lane1-s096-index-ACACGGTT-ACAGGCATNNNN-Dc8_S96_L001_R2_001.fastq.gz
13223611,lane1-s097-index-ACACGGTT-GTGATCCANNNN-Dc9_S97_L001_R1_001.fastq.gz
14385863,lane1-s097-index-ACACGGTT-GTGATCCANNNN-Dc9_S97_L001_R2_001.fastq.gz
11302342,lane1-s098-index-ACACGGTT-TTCGTACGNNNN-Dc10_S98_L001_R1_001.fastq.gz
12689845,lane1-s098-index-ACACGGTT-TTCGTACGNNNN-Dc10_S98_L001_R2_001.fastq.gz
15087882,lane1-s099-index-ACACGGTT-ATGACAGGNNNN-Dc11_S99_L001_R1_001.fastq.gz
16903583,lane1-s099-index-ACACGGTT-ATGACAGGNNNN-Dc11_S99_L001_R2_001.fastq.gz
 9795620,lane1-s100-index-ACACGGTT-CGACCTAANNNN-Dc12_S100_L001_R1_001.fastq.gz
10687615,lane1-s100-index-ACACGGTT-CGACCTAANNNN-Dc12_S100_L001_R2_001.fastq.gz
16713404,lane1-s101-index-GTCACTGT-TTGCTTGGNNNN-Dc25_S101_L001_R1_001.fastq.gz
19594186,lane1-s101-index-GTCACTGT-TTGCTTGGNNNN-Dc25_S101_L001_R2_001.fastq.gz
11626122,lane1-s102-index-GTCACTGT-CCTGTCAANNNN-Dc26_S102_L001_R1_001.fastq.gz
13066075,lane1-s102-index-GTCACTGT-CCTGTCAANNNN-Dc26_S102_L001_R2_001.fastq.gz
13324799,lane1-s103-index-GTCACTGT-AGCCTATCNNNN-Dc27_S103_L001_R1_001.fastq.gz
14974587,lane1-s103-index-GTCACTGT-AGCCTATCNNNN-Dc27_S103_L001_R2_001.fastq.gz
13705292,lane1-s104-index-GTCACTGT-TGATCACGNNNN-Dc28_S104_L001_R1_001.fastq.gz
15561044,lane1-s104-index-GTCACTGT-TGATCACGNNNN-Dc28_S104_L001_R2_001.fastq.gz
12789952,lane1-s105-index-GTCACTGT-CCACATTGNNNN-Dc29_S105_L001_R1_001.fastq.gz
14594700,lane1-s105-index-GTCACTGT-CCACATTGNNNN-Dc29_S105_L001_R2_001.fastq.gz
 6639755,lane1-s106-index-GTCACTGT-TCGAGAGTNNNN-Dc30_S106_L001_R1_001.fastq.gz
 7549482,lane1-s106-index-GTCACTGT-TCGAGAGTNNNN-Dc30_S106_L001_R2_001.fastq.gz
 5278328,lane1-s107-index-GTCACTGT-GGTCGTATNNNN-Dc31_S107_L001_R1_001.fastq.gz
 5972210,lane1-s107-index-GTCACTGT-GGTCGTATNNNN-Dc31_S107_L001_R2_001.fastq.gz
12683237,lane1-s108-index-GTCACTGT-ACAGGCATNNNN-Dc32_S108_L001_R1_001.fastq.gz
14329264,lane1-s108-index-GTCACTGT-ACAGGCATNNNN-Dc32_S108_L001_R2_001.fastq.gz
13608071,lane1-s109-index-GTCACTGT-GTGATCCANNNN-Dc33_S109_L001_R1_001.fastq.gz
15331571,lane1-s109-index-GTCACTGT-GTGATCCANNNN-Dc33_S109_L001_R2_001.fastq.gz
12737187,lane1-s110-index-GTCACTGT-TTCGTACGNNNN-Dc34_S110_L001_R1_001.fastq.gz
14006172,lane1-s110-index-GTCACTGT-TTCGTACGNNNN-Dc34_S110_L001_R2_001.fastq.gz
14286176,lane1-s111-index-GTCACTGT-ATGACAGGNNNN-Dc35_S111_L001_R1_001.fastq.gz
16290889,lane1-s111-index-GTCACTGT-ATGACAGGNNNN-Dc35_S111_L001_R2_001.fastq.gz
12575552,lane1-s112-index-GTCACTGT-CGACCTAANNNN-Dc36_S112_L001_R1_001.fastq.gz
14086299,lane1-s112-index-GTCACTGT-CGACCTAANNNN-Dc36_S112_L001_R2_001.fastq.gz
13998099,lane1-s113-index-ACTGCTAG-TTGCTTGGNNNN-Dc37_S113_L001_R1_001.fastq.gz
16086927,lane1-s113-index-ACTGCTAG-TTGCTTGGNNNN-Dc37_S113_L001_R2_001.fastq.gz
13368176,lane1-s114-index-ACTGCTAG-CCTGTCAANNNN-Dc38_S114_L001_R1_001.fastq.gz
15913056,lane1-s114-index-ACTGCTAG-CCTGTCAANNNN-Dc38_S114_L001_R2_001.fastq.gz
12606600,lane1-s115-index-ACTGCTAG-AGCCTATCNNNN-Dc39_S115_L001_R1_001.fastq.gz
14167984,lane1-s115-index-ACTGCTAG-AGCCTATCNNNN-Dc39_S115_L001_R2_001.fastq.gz
12887508,lane1-s116-index-ACTGCTAG-TGATCACGNNNN-Dc40_S116_L001_R1_001.fastq.gz
14269565,lane1-s116-index-ACTGCTAG-TGATCACGNNNN-Dc40_S116_L001_R2_001.fastq.gz
14276466,lane1-s117-index-ACTGCTAG-CCACATTGNNNN-Dc41_S117_L001_R1_001.fastq.gz
16407404,lane1-s117-index-ACTGCTAG-CCACATTGNNNN-Dc41_S117_L001_R2_001.fastq.gz
 8260125,lane1-s118-index-ACTGCTAG-TCGAGAGTNNNN-Dc42_S118_L001_R1_001.fastq.gz
 9381629,lane1-s118-index-ACTGCTAG-TCGAGAGTNNNN-Dc42_S118_L001_R2_001.fastq.gz
 6548816,lane1-s119-index-ACTGCTAG-GGTCGTATNNNN-Dc43_S119_L001_R1_001.fastq.gz
 7396877,lane1-s119-index-ACTGCTAG-GGTCGTATNNNN-Dc43_S119_L001_R2_001.fastq.gz
12807697,lane1-s120-index-ACTGCTAG-ACAGGCATNNNN-Dc44_S120_L001_R1_001.fastq.gz
14565212,lane1-s120-index-ACTGCTAG-ACAGGCATNNNN-Dc44_S120_L001_R2_001.fastq.gz
 9748318,lane1-s121-index-ACTGCTAG-GTGATCCANNNN-Dc45_S121_L001_R1_001.fastq.gz
11374689,lane1-s121-index-ACTGCTAG-GTGATCCANNNN-Dc45_S121_L001_R2_001.fastq.gz
11377249,lane1-s122-index-ACTGCTAG-TTCGTACGNNNN-Dc46_S122_L001_R1_001.fastq.gz
13635753,lane1-s122-index-ACTGCTAG-TTCGTACGNNNN-Dc46_S122_L001_R2_001.fastq.gz
12681890,lane1-s123-index-ACTGCTAG-ATGACAGGNNNN-Dc47_S123_L001_R1_001.fastq.gz
14541992,lane1-s123-index-ACTGCTAG-ATGACAGGNNNN-Dc47_S123_L001_R2_001.fastq.gz
11206621,lane1-s124-index-ACTGCTAG-CGACCTAANNNN-Dc48_S124_L001_R1_001.fastq.gz
12645600,lane1-s124-index-ACTGCTAG-CGACCTAANNNN-Dc48_S124_L001_R2_001.fastq.gz
 7827930,lane1-s125-index-GAAGAGGT-TTGCTTGGNNNN-Dc73_S125_L001_R1_001.fastq.gz
 9273050,lane1-s125-index-GAAGAGGT-TTGCTTGGNNNN-Dc73_S125_L001_R2_001.fastq.gz
 9763225,lane1-s126-index-GAAGAGGT-CCTGTCAANNNN-Dc74_S126_L001_R1_001.fastq.gz
11365372,lane1-s126-index-GAAGAGGT-CCTGTCAANNNN-Dc74_S126_L001_R2_001.fastq.gz
 7945587,lane1-s127-index-GAAGAGGT-AGCCTATCNNNN-Dc75_S127_L001_R1_001.fastq.gz
 8882063,lane1-s127-index-GAAGAGGT-AGCCTATCNNNN-Dc75_S127_L001_R2_001.fastq.gz
11340970,lane1-s128-index-GAAGAGGT-TGATCACGNNNN-Dc76_S128_L001_R1_001.fastq.gz
12248267,lane1-s128-index-GAAGAGGT-TGATCACGNNNN-Dc76_S128_L001_R2_001.fastq.gz
 8240888,lane1-s129-index-GAAGAGGT-CCACATTGNNNN-Dc77_S129_L001_R1_001.fastq.gz
 9278630,lane1-s129-index-GAAGAGGT-CCACATTGNNNN-Dc77_S129_L001_R2_001.fastq.gz
 5147874,lane1-s130-index-GAAGAGGT-TCGAGAGTNNNN-Dc78_S130_L001_R1_001.fastq.gz
 5702224,lane1-s130-index-GAAGAGGT-TCGAGAGTNNNN-Dc78_S130_L001_R2_001.fastq.gz
 4079440,lane1-s131-index-GAAGAGGT-GGTCGTATNNNN-Dc79_S131_L001_R1_001.fastq.gz
 4488474,lane1-s131-index-GAAGAGGT-GGTCGTATNNNN-Dc79_S131_L001_R2_001.fastq.gz
 9198263,lane1-s132-index-GAAGAGGT-ACAGGCATNNNN-Dc80_S132_L001_R1_001.fastq.gz
11115062,lane1-s132-index-GAAGAGGT-ACAGGCATNNNN-Dc80_S132_L001_R2_001.fastq.gz
10131918,lane1-s133-index-GAAGAGGT-GTGATCCANNNN-Dc105_S133_L001_R1_001.fastq.gz
11745371,lane1-s133-index-GAAGAGGT-GTGATCCANNNN-Dc105_S133_L001_R2_001.fastq.gz
10286934,lane1-s134-index-GAAGAGGT-TTCGTACGNNNN-Dc82_S134_L001_R1_001.fastq.gz
11527940,lane1-s134-index-GAAGAGGT-TTCGTACGNNNN-Dc82_S134_L001_R2_001.fastq.gz
11878870,lane1-s135-index-GAAGAGGT-ATGACAGGNNNN-Dc83_S135_L001_R1_001.fastq.gz
13529501,lane1-s135-index-GAAGAGGT-ATGACAGGNNNN-Dc83_S135_L001_R2_001.fastq.gz
 9435761,lane1-s136-index-GAAGAGGT-CGACCTAANNNN-Dc84_S136_L001_R1_001.fastq.gz
10626318,lane1-s136-index-GAAGAGGT-CGACCTAANNNN-Dc84_S136_L001_R2_001.fastq.gz
12655097,lane1-s137-index-CGCTAGTA-TTGCTTGGNNNN-Dc97_S137_L001_R1_001.fastq.gz
14649029,lane1-s137-index-CGCTAGTA-TTGCTTGGNNNN-Dc97_S137_L001_R2_001.fastq.gz
11756497,lane1-s138-index-CGCTAGTA-CCTGTCAANNNN-Dc98_S138_L001_R1_001.fastq.gz
13188462,lane1-s138-index-CGCTAGTA-CCTGTCAANNNN-Dc98_S138_L001_R2_001.fastq.gz
13972046,lane1-s139-index-CGCTAGTA-AGCCTATCNNNN-Dc99_S139_L001_R1_001.fastq.gz
15641634,lane1-s139-index-CGCTAGTA-AGCCTATCNNNN-Dc99_S139_L001_R2_001.fastq.gz
11040483,lane1-s140-index-CGCTAGTA-TGATCACGNNNN-Dc100_S140_L001_R1_001.fastq.gz
12329743,lane1-s140-index-CGCTAGTA-TGATCACGNNNN-Dc100_S140_L001_R2_001.fastq.gz
12411910,lane1-s141-index-CGCTAGTA-CCACATTGNNNN-Dc101_S141_L001_R1_001.fastq.gz
13924171,lane1-s141-index-CGCTAGTA-CCACATTGNNNN-Dc101_S141_L001_R2_001.fastq.gz
 5393923,lane1-s142-index-CGCTAGTA-TCGAGAGTNNNN-Dc102_S142_L001_R1_001.fastq.gz
 6203722,lane1-s142-index-CGCTAGTA-TCGAGAGTNNNN-Dc102_S142_L001_R2_001.fastq.gz
12870997,lane1-s143-index-CGCTAGTA-ACAGGCATNNNN-Dc104_S143_L001_R1_001.fastq.gz
14401787,lane1-s143-index-CGCTAGTA-ACAGGCATNNNN-Dc104_S143_L001_R2_001.fastq.gz
11290526,lane1-s144-index-CGCTAGTA-GTGATCCANNNN-Dc81_S144_L001_R1_001.fastq.gz
12446963,lane1-s144-index-CGCTAGTA-GTGATCCANNNN-Dc81_S144_L001_R2_001.fastq.gz
10868628,lane1-s145-index-CGCTAGTA-TTCGTACGNNNN-Dc106_S145_L001_R1_001.fastq.gz
12085624,lane1-s145-index-CGCTAGTA-TTCGTACGNNNN-Dc106_S145_L001_R2_001.fastq.gz
11547977,lane1-s146-index-CGCTAGTA-ATGACAGGNNNN-Dc107_S146_L001_R1_001.fastq.gz
13327906,lane1-s146-index-CGCTAGTA-ATGACAGGNNNN-Dc107_S146_L001_R2_001.fastq.gz
12693718,lane1-s147-index-CGCTAGTA-CGACCTAANNNN-Dc108_S147_L001_R1_001.fastq.gz
14291181,lane1-s147-index-CGCTAGTA-CGACCTAANNNN-Dc108_S147_L001_R2_001.fastq.gz
11557724,lane1-s148-index-GCTGTTGT-TTGCTTGGNNNN-Dc145_S148_L001_R1_001.fastq.gz
13259546,lane1-s148-index-GCTGTTGT-TTGCTTGGNNNN-Dc145_S148_L001_R2_001.fastq.gz
10834334,lane1-s149-index-GCTGTTGT-CCTGTCAANNNN-Dc146_S149_L001_R1_001.fastq.gz
12607773,lane1-s149-index-GCTGTTGT-CCTGTCAANNNN-Dc146_S149_L001_R2_001.fastq.gz
12729458,lane1-s150-index-GCTGTTGT-AGCCTATCNNNN-Dc147_S150_L001_R1_001.fastq.gz
14216915,lane1-s150-index-GCTGTTGT-AGCCTATCNNNN-Dc147_S150_L001_R2_001.fastq.gz
11713197,lane1-s151-index-GCTGTTGT-TGATCACGNNNN-Dc148_S151_L001_R1_001.fastq.gz
12957917,lane1-s151-index-GCTGTTGT-TGATCACGNNNN-Dc148_S151_L001_R2_001.fastq.gz
 9028814,lane1-s152-index-GCTGTTGT-CCACATTGNNNN-Dc149_S152_L001_R1_001.fastq.gz
10054777,lane1-s152-index-GCTGTTGT-CCACATTGNNNN-Dc149_S152_L001_R2_001.fastq.gz
 4777765,lane1-s153-index-GCTGTTGT-TCGAGAGTNNNN-Dc150_S153_L001_R1_001.fastq.gz
 5345963,lane1-s153-index-GCTGTTGT-TCGAGAGTNNNN-Dc150_S153_L001_R2_001.fastq.gz
 3769218,lane1-s154-index-GCTGTTGT-GGTCGTATNNNN-Dc151_S154_L001_R1_001.fastq.gz
 4216692,lane1-s154-index-GCTGTTGT-GGTCGTATNNNN-Dc151_S154_L001_R2_001.fastq.gz
11103205,lane1-s155-index-GCTGTTGT-ACAGGCATNNNN-Dc152_S155_L001_R1_001.fastq.gz
12902629,lane1-s155-index-GCTGTTGT-ACAGGCATNNNN-Dc152_S155_L001_R2_001.fastq.gz
11269686,lane1-s156-index-GCTGTTGT-GTGATCCANNNN-Dc153_S156_L001_R1_001.fastq.gz
12797192,lane1-s156-index-GCTGTTGT-GTGATCCANNNN-Dc153_S156_L001_R2_001.fastq.gz
11364031,lane1-s157-index-GCTGTTGT-TTCGTACGNNNN-Dc154_S157_L001_R1_001.fastq.gz
12897538,lane1-s157-index-GCTGTTGT-TTCGTACGNNNN-Dc154_S157_L001_R2_001.fastq.gz
13313569,lane1-s158-index-GCTGTTGT-ATGACAGGNNNN-Dc155_S158_L001_R1_001.fastq.gz
15154314,lane1-s158-index-GCTGTTGT-ATGACAGGNNNN-Dc155_S158_L001_R2_001.fastq.gz
12559419,lane1-s159-index-GCTGTTGT-CGACCTAANNNN-Dc156_S159_L001_R1_001.fastq.gz
14065306,lane1-s159-index-GCTGTTGT-CGACCTAANNNN-Dc156_S159_L001_R2_001.fastq.gz
11570934,lane1-s160-index-AAGCACTG-GTGATCCANNNN-Dc-X_S160_L001_R1_001.fastq.gz
12755141,lane1-s160-index-AAGCACTG-GTGATCCANNNN-Dc-X_S160_L001_R2_001.fastq.gz
10997935,lane1-s161-index-AAGCACTG-TTCGTACGNNNN-Dc-PosG_S161_L001_R1_001.fastq.gz
12632596,lane1-s161-index-AAGCACTG-TTCGTACGNNNN-Dc-PosG_S161_L001_R2_001.fastq.gz
 9192664,lane1-s162-index-AAGCACTG-ATGACAGGNNNN-Dc-PosI_S162_L001_R1_001.fastq.gz
10500999,lane1-s162-index-AAGCACTG-ATGACAGGNNNN-Dc-PosI_S162_L001_R2_001.fastq.gz
 5849762,lane1-s163-index-AAGCACTG-CGACCTAANNNN-Dc-Neg_S163_L001_R1_001.fastq.gz
 6413731,lane1-s163-index-AAGCACTG-CGACCTAANNNN-Dc-Neg_S163_L001_R2_001.fastq.gz
  387126,lane1-s255-index-TGCGAACT-CCTAAGTCNNNN-Neg_S255_L001_R1_001.fastq.gz
  429027,lane1-s255-index-TGCGAACT-CCTAAGTCNNNN-Neg_S255_L001_R2_001.fastq.gz
13659706,lane1-s256-index-TCTCCGAT-CCTAAGTCNNNN-PosG_S256_L001_R1_001.fastq.gz
15675449,lane1-s256-index-TCTCCGAT-CCTAAGTCNNNN-PosG_S256_L001_R2_001.fastq.gz
 9218434,lane1-s257-index-GAGGACTT-CCTAAGTCNNNN-PosI_S257_L001_R1_001.fastq.gz
10387755,lane1-s257-index-GAGGACTT-CCTAAGTCNNNN-PosI_S257_L001_R2_001.fastq.gz

